Function,Node,CPU Usage % ,RAM Usage %,Policy
func-1,ssh_node_1,0.660053,14.0596,Least Used
func-2,ssh_node_1,0.660053,14.0596,Least Used
func-3,ssh_node_1,0.660053,14.0596,Least Used
func-4,ssh_node_1,0.660053,14.0596,Least Used
func-5,ssh_node_1,0.660053,14.0596,Least Used
func-6,ssh_node_2,0.660706,14.3089,Least Used
func-7,ssh_node_2,0.660706,14.3089,Least Used
func-8,ssh_node_2,0.660706,14.3089,Least Used
func-9,ssh_node_2,0.660706,14.3089,Least Used
func-10,ssh_node_1,0.661299,14.1963,Least Used
func-11,ssh_node_1,0.661299,14.1963,Least Used
func-12,ssh_node_1,0.661299,14.1963,Least Used
func-13,ssh_node_1,0.661299,14.1963,Least Used
func-14,ssh_node_4,0.661897,14.5892,Least Used
func-15,ssh_node_4,0.661897,14.5892,Least Used
func-16,ssh_node_4,0.661897,14.5892,Least Used
func-17,ssh_node_4,0.661897,14.5892,Least Used
func-18,ssh_node_4,0.661897,14.5892,Least Used
func-19,ssh_node_2,0.662733,14.1382,Least Used
func-20,ssh_node_2,0.662733,14.1382,Least Used
